1,New York,New York,"8,175,133","8,175,133","8,186,443","8,244,910"
2,Los Angeles,California,"3,792,621","3,792,625","3,795,761","3,819,702"
3,Chicago,Illinois,"2,695,598","2,695,598","2,698,283","2,707,120"
4,Houston,Texas,"2,099,451","2,099,430","2,108,278","2,145,146"
5,Philadelphia,Pennsylvania,"1,526,006","1,526,006","1,528,074","1,536,471"
6,Phoenix,Arizona,"1,445,632","1,445,656","1,448,531","1,469,471"
7,San Antonio,Texas,"1,327,407","1,327,606","1,334,431","1,359,758"
8,San Diego,California,"1,307,402","1,307,406","1,311,516","1,326,179"
9,Dallas,Texas,"1,197,816","1,197,816","1,201,715","1,223,229"
10,San Jose,California,"945,942","952,612","955,091","967,487"
11,Jacksonville,Florida,"821,784","821,784","822,883","827,908"
12,Indianapolis city,Indiana,"820,445","820,442","821,708","827,609"
13,Austin,Texas,"790,390","790,390","795,378","820,611"
14,San Francisco,California,"805,235","805,235","805,340","812,826"
15,Columbus,Ohio,"787,033","787,073","788,696","797,434"
16,Fort Worth,Texas,"741,206","742,030","745,231","758,738"
17,Charlotte,North Carolina,"731,424","731,424","734,216","751,087"
18,Detroit,Michigan,"713,777","713,777","711,700","706,585"
19,El Paso,Texas,"649,121","649,152","651,881","665,568"
20,Memphis,Tennessee,"646,889","646,889","647,780","652,050"
21,Boston,Massachusetts,"617,594","617,594","618,147","625,087"
22,Seattle,Washington,"608,660","608,660","610,480","620,778"
23,Denver,Colorado,"600,158","600,008","603,440","619,968"
24,Baltimore,Maryland,"620,961","620,961","620,560","619,493"
25,Washington,District of Columbia,"601,723","601,723","604,912","617,996"
26,Nashville-Davidson metropolitan government,Tennessee,"601,222","601,222","602,537","609,644"
27,Louisville,Kentucky,"597,337","597,337","598,207","602,011"
28,Milwaukee,Wisconsin,"594,833","594,832","595,407","597,867"
29,Portland,Oregon,"583,776","583,776","585,474","593,820"
30,Oklahoma City,Oklahoma,"579,999","580,001","582,352","591,967"
31,Las Vegas,Nevada,"583,756","583,748","584,539","589,317"
32,Albuquerque,New Mexico,"545,852","545,852","547,392","552,804"
33,Tucson,Arizona,"520,116","520,097","521,180","525,796"
34,Fresno,California,"494,665","494,735","496,181","501,362"
35,Sacramento,California,"466,488","466,488","467,575","472,178"
36,Long Beach,California,"462,257","462,257","462,645","465,576"
37,Kansas City,Missouri,"459,787","459,787","460,724","463,202"
38,Mesa,Arizona,"439,041","439,193","440,079","446,518"
39,Virginia Beach,Virginia,"437,994","437,994","439,122","442,707"
40,Atlanta,Georgia,"420,003","420,005","422,387","432,427"
41,Colorado Springs,Colorado,"416,427","416,427","419,745","426,388"
42,Raleigh,North Carolina,"403,892","403,903","406,432","416,468"
43,Omaha,Nebraska,"408,958","408,962","410,170","415,068"
44,Miami,Florida,"399,457","399,457","400,509","408,750"
45,Tulsa,Oklahoma,"391,906","391,901","393,166","396,466"
46,Oakland,California,"390,724","390,724","391,445","395,817"
47,Cleveland,Ohio,"396,815","396,815","396,166","393,806"
48,Minneapolis,Minnesota,"382,578","382,578","383,108","387,753"
49,Wichita,Kansas,"382,368","382,368","383,085","384,445"
50,Arlington,Texas,"365,438","365,438","367,021","373,698"
51,New Orleans,Louisiana,"343,829","343,829","347,907","360,740"
52,Bakersfield,California,"347,483","347,462","348,541","352,428"
53,Tampa,Florida,"335,709","335,709","336,820","346,037"
54,Anaheim,California,"336,265","336,265","337,089","341,361"
55,Urban Honolulu CDP,Hawaii,"337,256","337,256","338,119","340,936"
56,Aurora,Colorado,"325,078","325,078","326,650","332,354"
57,Santa Ana,California,"324,528","324,528","325,321","329,427"
58,St. Louis,Missouri,"319,294","319,294","319,008","318,069"
59,Riverside,California,"303,871","303,871","305,679","310,651"
60,Corpus Christi,Texas,"305,215","305,215","305,349","307,953"
61,Pittsburgh,Pennsylvania,"305,704","305,704","306,956","307,484"
62,Lexington,Kentucky,"295,803","295,803","296,792","301,569"
63,Stockton,California,"291,707","291,707","292,711","296,357"
64,Cincinnati,Ohio,"296,943","296,950","296,797","296,223"
65,Anchorage,Alaska,"291,826","291,826","293,356","295,570"
66,St. Paul,Minnesota,"285,068","285,068","285,414","288,448"
67,Toledo,Ohio,"287,208","287,208","287,031","286,038"
68,Newark,New Jersey,"277,140","277,140","277,185","277,540"
69,Greensboro,North Carolina,"269,666","269,668","270,364","273,425"
70,Plano,Texas,"259,841","259,841","261,888","269,776"
71,Lincoln,Nebraska,"258,379","258,381","259,044","262,341"
72,Buffalo,New York,"261,310","261,310","261,229","261,025"
73,Henderson,Nevada,"257,729","257,581","257,934","260,068"
74,Fort Wayne,Indiana,"253,691","253,691","254,015","255,824"
75,Jersey City,New Jersey,"247,597","247,597","247,876","250,323"
76,Chula Vista,California,"243,916","243,916","244,710","247,535"
77,St. Petersburg,Florida,"244,769","244,769","244,683","244,997"
78,Orlando,Florida,"238,300","238,304","238,902","243,195"
79,Norfolk,Virginia,"242,803","242,803","242,915","242,628"
80,Laredo,Texas,"236,091","236,100","237,252","241,935"
81,Chandler,Arizona,"236,123","236,139","236,619","240,101"
82,Madison,Wisconsin,"233,209","233,209","233,732","236,901"
83,Lubbock,Texas,"229,573","229,573","230,713","233,740"
84,Durham,North Carolina,"228,330","228,329","229,027","233,252"
85,Winston-Salem,North Carolina,"229,617","229,617","230,077","232,385"
86,Garland,Texas,"226,876","226,876","227,559","231,517"
87,Glendale,Arizona,"226,721","226,724","227,180","230,482"
88,Baton Rouge,Louisiana,"229,493","229,493","229,852","230,139"
89,Hialeah,Florida,"224,669","224,669","225,269","229,969"
90,Reno,Nevada,"225,221","225,229","225,717","227,511"
91,Chesapeake,Virginia,"222,209","222,209","223,052","225,050"
92,Scottsdale,Arizona,"217,385","217,385","217,826","221,020"
93,Irving,Texas,"216,290","216,290","216,942","220,702"
94,North Las Vegas,Nevada,"216,961","216,940","217,236","219,020"
95,Fremont,California,"214,089","214,089","214,490","216,916"
96,Irvine,California,"212,375","212,375","212,886","215,529"
97,San Bernardino,California,"209,924","209,947","210,638","213,012"
98,Birmingham,Alabama,"212,237","212,244","212,225","212,413"
99,Gilbert town,Arizona,"208,453","208,453","208,876","211,951"
100,Rochester,New York,"210,565","210,565","210,578","210,855"
101,Boise City,Idaho,"205,671","205,671","206,252","210,145"
102,Spokane,Washington,"208,916","208,916","209,296","210,103"
103,Montgomery,Alabama,"205,764","205,771","206,083","208,182"
104,Des Moines,Iowa,"203,433","203,433","204,191","206,599"
105,Richmond,Virginia,"204,214","204,214","204,159","205,533"
106,Fayetteville,North Carolina,"200,564","200,564","201,022","203,945"
107,Modesto,California,"201,165","201,165","201,541","202,751"
108,Shreveport,Louisiana,"199,311","199,311","199,819","200,975"
109,Tacoma,Washington,"198,397","198,397","198,434","200,678"
110,Oxnard,California,"197,899","197,899","198,412","199,943"
111,Aurora,Illinois,"197,899","197,897","198,288","199,672"
112,Fontana,California,"196,069","196,069","196,737","199,028"
113,Akron,Ohio,"199,110","199,110","199,005","198,402"
114,Moreno Valley,California,"193,365","193,365","194,557","197,838"
115,Yonkers,New York,"195,976","195,979","196,223","197,399"
116,Augusta,Georgia,"195,844","195,844","196,175","196,494"
117,Little Rock,Arkansas,"193,524","193,524","193,944","195,314"
118,Mobile,Alabama,"195,111","195,107","195,166","194,914"
119,Columbus,Georgia,"189,885","189,885","190,371","194,107"
120,Amarillo,Texas,"190,695","190,695","191,398","193,675"
121,Glendale,California,"191,719","191,719","191,883","193,111"
122,Huntington Beach,California,"189,992","189,992","190,460","192,888"
123,Salt Lake City,Utah,"186,440","186,443","187,082","189,899"
124,Grand Rapids,Michigan,"188,040","188,041","188,166","189,815"
125,Tallahassee,Florida,"181,376","181,376","181,626","182,965"
126,Huntsville,Alabama,"180,105","180,120","180,829","182,956"
127,Worcester,Massachusetts,"181,045","181,045","181,208","181,631"
128,Knoxville,Tennessee,"178,874","178,874","179,225","180,761"
129,Newport News,Virginia,"180,719","180,719","180,618","179,611"
130,Grand Prairie,Texas,"175,396","175,396","175,994","179,100"
131,Brownsville,Texas,"175,023","175,027","175,764","178,430"
132,Providence,Rhode Island,"178,042","178,042","178,077","178,053"
133,Santa Clarita,California,"176,320","176,320","176,469","177,601"
134,Overland Park,Kansas,"173,372","173,372","173,870","176,185"
135,Jackson,Mississippi,"173,514","173,516","173,707","175,561"
136,Garden Grove,California,"170,883","170,883","171,302","173,470"
137,Chattanooga,Tennessee,"167,674","167,978","168,393","170,136"
138,Oceanside,California,"167,086","167,086","167,630","169,569"
139,Santa Rosa,California,"167,815","167,821","168,109","169,292"
140,Fort Lauderdale,Florida,"165,521","165,521","165,900","168,528"
141,Rancho Cucamonga,California,"165,269","165,269","165,823","167,721"
142,Ontario,California,"163,924","163,924","164,482","166,390"
143,Port St. Lucie,Florida,"164,603","164,603","165,166","166,149"
144,Vancouver,Washington,"161,791","161,807","162,432","164,759"
145,Tempe,Arizona,"161,719","161,719","162,029","164,268"
146,Springfield,Missouri,"159,498","159,509","159,634","160,660"
147,Lancaster,California,"156,633","156,633","156,743","157,693"
148,Pembroke Pines,Florida,"154,750","154,750","155,109","157,594"
149,Cape Coral,Florida,"154,305","154,305","154,734","157,476"
150,Eugene,Oregon,"156,185","156,191","156,260","156,929"
151,Peoria,Arizona,"154,065","154,067","154,378","156,637"
152,Sioux Falls,South Dakota,"153,888","153,890","154,443","156,592"
153,Salem,Oregon,"154,637","154,637","155,029","156,244"
154,Corona,California,"152,374","152,374","153,314","155,896"
155,Elk Grove,California,"153,015","153,015","153,377","154,908"
156,Palmdale,California,"152,750","152,750","152,880","153,867"
157,Springfield,Massachusetts,"153,060","153,060","153,134","153,155"
158,Salinas,California,"150,441","150,441","150,929","152,994"
159,Pasadena,Texas,"149,043","149,043","149,661","152,281"
160,Rockford,Illinois,"152,871","152,871","152,807","152,222"
161,Pomona,California,"149,058","149,058","149,182","150,119"
162,Joliet,Illinois,"147,433","147,440","147,745","148,402"
163,Fort Collins,Colorado,"143,986","143,991","144,425","146,762"
164,Torrance,California,"145,438","145,438","145,561","146,493"
165,Kansas City,Kansas,"145,786","145,786","146,070","146,453"
166,Paterson,New Jersey,"146,199","146,199","146,309","146,427"
167,Hayward,California,"144,186","144,186","144,451","146,069"
168,Escondido,California,"143,911","143,911","144,375","146,032"
169,Bridgeport,Connecticut,"144,229","144,229","144,463","145,638"
170,Syracuse,New York,"145,170","145,170","145,237","145,151"
171,Lakewood,Colorado,"142,980","142,980","143,224","144,406"
172,Alexandria,Virginia,"139,966","139,966","140,894","144,301"
173,Hollywood,Florida,"140,768","140,768","141,095","143,357"
174,Naperville,Illinois,"141,853","141,853","142,051","142,773"
175,Mesquite,Texas,"139,824","139,824","140,245","142,674"
176,Sunnyvale,California,"140,081","140,081","140,449","142,287"
177,Dayton,Ohio,"141,527","141,527","141,696","142,148"
178,Cary town,North Carolina,"135,234","135,249","136,135","139,633"
179,Savannah,Georgia,"136,286","136,280","136,565","139,491"
180,Orange,California,"136,416","136,416","136,739","138,409"
181,Pasadena,California,"137,122","137,122","137,238","138,101"
182,Fullerton,California,"135,161","135,161","135,488","137,183"
183,Hampton,Virginia,"137,436","137,436","137,328","136,401"
184,Clarksville,Tennessee,"132,929","132,934","133,680","136,231"
185,McKinney,Texas,"131,117","131,117","132,140","136,067"
186,Warren,Michigan,"134,056","134,056","134,051","134,243"
187,McAllen,Texas,"129,877","129,877","130,759","133,742"
188,West Valley City,Utah,"129,480","129,480","129,935","131,942"
189,Columbia,South Carolina,"129,272","129,276","129,612","130,591"
190,Killeen,Texas,"127,921","127,921","129,030","130,018"
191,Sterling Heights,Michigan,"129,699","129,699","129,693","129,880"
192,New Haven,Connecticut,"129,779","129,779","129,774","129,585"
193,Topeka,Kansas,"127,473","127,473","127,717","128,188"
194,Thousand Oaks,California,"126,683","126,683","127,009","127,984"
195,Olathe,Kansas,"125,872","125,872","126,234","127,907"
196,Cedar Rapids,Iowa,"126,326","126,326","126,528","127,905"
197,Waco,Texas,"124,805","124,805","125,351","126,697"
198,Visalia,California,"124,442","124,442","124,816","126,432"
199,Elizabeth,New Jersey,"124,969","124,969","125,195","125,660"
200,Simi Valley,California,"124,237","124,237","124,559","125,522"
201,Gainesville,Florida,"124,354","124,354","124,394","125,326"
202,Hartford,Connecticut,"124,775","124,775","124,789","124,867"
203,Bellevue,Washington,"122,363","122,359","122,737","124,798"
204,Miramar,Florida,"122,041","122,041","122,327","124,302"
205,Concord,California,"122,067","122,067","122,484","124,055"
206,Stamford,Connecticut,"122,643","122,643","122,848","123,868"
207,Coral Springs,Florida,"121,096","121,098","121,382","123,338"
208,Charleston,South Carolina,"120,083","120,083","120,479","122,689"
209,Carrollton,Texas,"119,097","119,097","119,729","122,640"
210,Lafayette,Louisiana,"120,623","120,621","120,905","122,130"
211,Roseville,California,"118,788","118,788","119,403","121,767"
212,Thornton,Colorado,"118,772","118,775","119,334","121,435"
213,Frisco,Texas,"116,989","116,989","117,871","121,387"
214,Kent,Washington,"92,411","118,564","118,929","120,916"
215,Surprise,Arizona,"117,517","117,517","117,755","119,489"
216,Allentown,Pennsylvania,"118,032","118,032","118,232","119,141"
217,Beaumont,Texas,"118,296","118,296","118,347","118,548"
218,Santa Clara,California,"116,468","116,468","116,767","118,263"
219,Abilene,Texas,"117,063","117,063","117,404","118,117"
220,Evansville,Indiana,"117,429","117,429","117,483","117,825"
221,Victorville,California,"115,903","115,921","116,299","117,597"
222,Independence,Missouri,"116,830","116,830","116,969","117,213"
223,Denton,Texas,"113,383","113,379","114,103","117,187"
224,Springfield,Illinois,"116,250","116,272","116,479","117,076"
225,Vallejo,California,"115,942","115,940","116,161","116,829"
226,Athens,Georgia,"115,452","115,453","115,450","116,084"
227,Provo,Utah,"112,488","112,488","113,153","115,321"
228,Peoria,Illinois,"115,007","115,025","114,895","115,234"
229,Ann Arbor,Michigan,"113,934","113,934","114,076","114,925"
230,Lansing,Michigan,"114,297","114,297","114,247","114,605"
231,El Monte,California,"113,475","113,475","113,571","114,296"
232,Midland,Texas,"111,147","111,147","111,255","113,931"
233,Berkeley,California,"112,580","112,578","112,765","113,905"
234,Norman,Oklahoma,"110,925","110,925","111,426","113,273"
235,Downey,California,"111,772","111,772","111,868","112,584"
236,Costa Mesa,California,"109,960","109,960","110,225","111,600"
237,Murfreesboro,Tennessee,"108,755","108,767","109,240","111,327"
238,Inglewood,California,"109,673","109,673","109,765","110,464"
239,Columbia,Missouri,"108,500","108,500","108,857","110,438"
240,Waterbury,Connecticut,"110,366","110,366","110,360","110,189"
241,Manchester,New Hampshire,"109,565","109,565","109,634","109,830"
242,Miami Gardens,Florida,"107,167","107,167","107,452","109,680"
243,Elgin,Illinois,"108,188","108,188","108,395","109,104"
244,Wilmington,North Carolina,"106,476","106,476","106,785","108,297"
245,Westminster,Colorado,"106,114","106,114","106,486","107,967"
246,Rochester,Minnesota,"106,769","106,769","106,943","107,890"
247,Clearwater,Florida,"107,685","107,685","107,648","107,784"
248,Lowell,Massachusetts,"106,519","106,519","106,706","107,584"
249,Pueblo,Colorado,"106,595","106,595","106,864","107,577"
250,Arvada,Colorado,"106,433","106,433","106,627","107,541"
251,San Buenaventura (Ventura),California,"106,433","106,433","106,706","107,514"
252,Gresham,Oregon,"105,594","105,594","105,905","107,439"
253,Fargo,North Dakota,"105,549","105,549","105,884","107,349"
254,Carlsbad,California,"105,328","105,328","105,671","106,888"
255,West Covina,California,"106,098","106,098","106,188","106,870"
256,Norwalk,California,"105,549","105,549","105,639","106,309"
257,Fairfield,California,"105,321","105,323","105,524","106,126"
258,Cambridge,Massachusetts,"105,162","105,162","105,280","106,038"
259,Murrieta,California,"103,466","103,466","104,104","105,857"
260,Green Bay,Wisconsin,"104,057","104,057","104,567","105,809"
261,High Point,North Carolina,"104,371","104,371","104,627","105,753"
262,West Jordan,Utah,"103,712","103,712","104,075","105,675"
263,Billings,Montana,"104,170","104,170","104,505","105,636"
264,Richmond,California,"103,701","103,701","104,053","105,380"
265,Round Rock,Texas,"99,887","99,889","100,870","104,664"
266,Everett,Washington,"103,019","103,019","103,305","104,295"
267,Burbank,California,"103,340","103,340","103,428","104,092"
268,Antioch,California,"102,372","102,372","102,724","104,044"
269,Wichita Falls,Texas,"104,553","104,553","104,679","103,931"
270,Palm Bay,Florida,"103,190","103,190","103,278","103,227"
271,Centennial,Colorado,"100,377","100,377","100,861","102,603"
272,Temecula,California,"100,097","100,146","100,766","102,464"
273,Daly City,California,"101,123","101,123","101,286","102,362"
274,Odessa,Texas,"99,940","99,940","99,962","102,106"
275,Erie,Pennsylvania,"101,786","101,786","101,826","101,807"
276,Richardson,Texas,"99,223","99,223","99,660","101,742"
277,Pompano Beach,Florida,"99,845","99,845","100,070","101,617"
278,Flint,Michigan,"102,434","102,434","102,271","101,558"
279,South Bend,Indiana,"101,168","101,170","101,139","101,081"
280,West Palm Beach,Florida,"99,919","99,920","100,128","101,043"
281,El Cajon,California,"99,478","99,478","99,796","100,928"
282,Davenport,Iowa,"99,685","99,685","100,003","100,802"
283,Rialto,California,"99,171","99,170","99,508","100,662"
284,Santa Maria,California,"99,553","99,553","99,730","100,277"
285,Broken Arrow,Oklahoma,"98,850","98,847","99,195","100,073"
286,Kenosha,Wisconsin,"99,218","99,226","99,379","99,738"
287,North Charleston,South Carolina,"97,471","97,471","97,868","99,727"
288,Las Cruces,New Mexico,"97,618","97,618","98,200","99,665"
289,Boulder,Colorado,"97,385","97,385","97,574","98,889"
290,Lewisville,Texas,"95,290","95,290","95,944","98,737"
291,Lakeland,Florida,"97,422","97,419","97,551","98,589"
292,Tyler,Texas,"96,900","96,900","97,250","98,564"
293,San Mateo,California,"97,207","97,207","97,363","98,391"
294,Lawton,Oklahoma,"96,867","96,867","97,873","98,177"
295,Albany,New York,"97,856","97,856","97,760","97,660"
296,Compton,California,"96,455","96,455","96,537","97,156"
297,Dearborn,Michigan,"98,153","98,153","97,861","97,144"
298,Clovis,California,"95,631","95,631","95,915","96,929"
299,Sandy Springs,Georgia,"93,853","93,853","94,384","96,856"
300,Roanoke,Virginia,"97,032","97,032","96,856","96,714"
301,Livonia,Michigan,"96,942","96,942","96,658","95,958"
302,Portsmouth,Virginia,"95,535","95,535","95,627","95,684"
303,Vista,California,"93,834","93,834","94,136","95,204"
304,New Bedford,Massachusetts,"95,072","95,072","95,115","95,183"
305,College Station,Texas,"93,857","93,862","94,232","95,142"
306,South Gate,California,"94,396","94,396","94,477","95,084"
307,Greeley,Colorado,"92,889","92,889","93,395","94,962"
308,Mission Viejo,California,"93,305","93,305","93,534","94,721"
309,San Angelo,Texas,"93,200","93,200","93,562","94,544"
310,Yuma,Arizona,"93,064","93,066","93,436","94,536"
311,Brockton,Massachusetts,"93,810","93,810","93,965","94,316"
312,Davie town,Florida,"91,992","91,992","92,205","93,674"
313,Hillsboro,Oregon,"91,611","91,611","91,939","93,455"
314,Pearland,Texas,"91,252","91,252","91,695","93,305"
315,Vacaville,California,"92,428","92,428","92,593","93,088"
316,Quincy,Massachusetts,"92,271","92,271","92,445","92,909"
317,Renton,Washington,"90,927","90,995","91,278","92,812"
318,Yakima,Washington,"91,067","91,067","91,509","92,512"
319,Carson,California,"91,714","91,714","91,790","92,376"
320,Macon,Georgia,"91,351","91,346","91,416","91,856"
321,"Lee's Summit",Missouri,"91,364","91,364","91,477","91,668"
322,Beaverton,Oregon,"89,803","89,806","90,128","91,625"
323,Tuscaloosa,Alabama,"90,468","90,483","90,633","91,605"
324,Hesperia,California,"90,173","90,173","90,481","91,534"
325,Sparks,Nevada,"90,264","90,264","90,463","91,195"
326,Roswell,Georgia,"88,346","88,347","88,846","91,168"
327,Federal Way,Washington,"89,306","89,306","89,583","91,085"
328,Westminster,California,"89,701","89,701","89,920","91,064"
329,Lynn,Massachusetts,"90,329","90,329","90,493","91,040"
330,Orem,Utah,"88,328","88,328","88,892","90,727"
331,Santa Monica,California,"89,736","89,736","89,810","90,377"
332,Spokane Valley,Washington,"89,755","89,755","89,923","90,279"
333,Redding,California,"89,861","89,861","89,904","90,138"
334,Miami Beach,Florida,"87,779","87,779","88,012","89,840"
335,Waukegan,Illinois,"89,078","89,078","89,210","89,426"
336,Rio Rancho,New Mexico,"87,521","87,521","88,071","89,320"
337,Sandy,Utah,"87,461","87,540","87,846","89,200"
338,Santa Barbara,California,"88,410","88,409","88,565","89,045"
339,Fall River,Massachusetts,"88,857","88,857","88,897","88,962"
340,Lawrence,Kansas,"87,643","87,643","87,955","88,727"
341,Reading,Pennsylvania,"88,082","88,082","88,351","88,414"
342,Longmont,Colorado,"86,270","86,270","86,450","87,712"
343,Allen,Texas,"84,246","84,246","84,913","87,473"
344,Fort Smith,Arkansas,"86,209","86,209","86,284","87,152"
345,Nashua,New Hampshire,"86,494","86,494","86,549","86,704"
346,Plantation,Florida,"84,955","84,955","85,154","86,524"
347,Newport Beach,California,"85,186","85,186","85,397","86,484"
348,Norwalk,Connecticut,"85,603","85,603","85,746","86,460"
349,Chico,California,"86,187","86,187","86,187","86,290"
350,Duluth,Minnesota,"86,265","86,265","86,230","86,277"
351,San Leandro,California,"84,950","84,950","85,108","86,071"
352,Greenville,North Carolina,"84,554","84,562","84,856","86,017"
353,Sunrise,Florida,"84,439","84,439","84,636","85,995"
354,Newton,Massachusetts,"85,146","85,146","85,276","85,945"
355,Whittier,California,"85,331","85,331","85,402","85,943"
356,Boca Raton,Florida,"84,392","84,392","84,566","85,329"
357,Deltona,Florida,"85,182","85,182","85,191","85,219"
358,San Marcos,California,"83,781","83,781","84,052","85,022"
359,Suffolk,Virginia,"84,585","84,592","84,872","84,930"
360,Hawthorne,California,"84,293","84,293","84,364","84,905"
361,Trenton,New Jersey,"84,913","84,913","85,009","84,899"
362,League City,Texas,"83,560","83,560","83,961","84,856"
363,Asheville,North Carolina,"83,393","83,393","83,574","84,458"
364,Citrus Heights,California,"83,301","83,301","83,498","84,330"
365,Clifton,New Jersey,"84,136","84,136","84,201","84,269"
366,Tracy,California,"82,922","82,922","83,213","84,266"
367,Cicero town,Illinois,"83,891","83,891","83,979","84,261"
368,Bloomington,Minnesota,"82,893","82,893","83,013","84,057"
369,Ogden,Utah,"82,825","82,825","83,170","83,949"
370,Alhambra,California,"83,089","83,089","83,161","83,693"
371,Westland,Michigan,"84,094","84,094","83,847","83,239"
372,Sioux City,Iowa,"82,684","82,695","82,826","82,967"
373,Edmond,Oklahoma,"81,405","81,403","81,705","82,963"
374,Nampa,Idaho,"81,557","81,565","81,774","82,755"
375,Warwick,Rhode Island,"82,672","82,672","82,628","82,361"
376,Livermore,California,"80,968","80,968","81,121","82,039"
377,Hoover,Alabama,"81,619","81,619","81,704","82,003"
378,Bellingham,Washington,"80,885","80,885","81,069","81,862"
379,Buena Park,California,"80,530","80,524","80,721","81,747"
380,Sugar Land,Texas,"78,817","78,817","79,550","81,700"
381,Danbury,Connecticut,"80,893","80,893","81,023","81,671"
382,Carmel,Indiana,"79,191","79,191","79,734","81,564"
383,Troy,Michigan,"80,980","80,980","81,002","81,508"
384,Bloomington,Indiana,"80,405","80,407","80,675","81,381"
385,Longview,Texas,"80,455","80,455","80,572","81,336"
386,Champaign,Illinois,"81,055","81,055","81,168","81,291"
387,Parma,Ohio,"81,601","81,601","81,464","80,968"
388,Hammond,Indiana,"80,830","80,830","80,851","80,757"
389,Lakewood,California,"80,048","80,048","80,117","80,634"
390,Concord,North Carolina,"79,066","79,066","79,308","80,597"
391,O'Fallon,Missouri,"79,329","79,479","79,755","80,519"
392,Hemet,California,"78,657","78,657","79,140","80,467"
393,Cranston,Rhode Island,"80,387","80,387","80,404","80,392"
394,Farmington Hills,Michigan,"79,740","79,740","79,761","80,258"
395,Merced,California,"78,958","78,958","79,257","80,232"
396,Gary,Indiana,"80,294","80,294","80,314","80,221"
397,Mission,Texas,"77,058","77,061","77,588","79,368"
398,Menifee,California,"77,519","77,519","77,998","79,312"
399,Johns Creek,Georgia,"76,728","76,727","77,164","79,192"
400,Edinburg,Texas,"77,100","76,960","77,458","79,147"
401,Fishers town,Indiana,"76,794","76,807","77,338","79,127"
402,Chino,California,"77,983","77,983","78,227","79,059"
403,Racine,Wisconsin,"78,860","78,860","78,898","78,853"
404,Lake Forest,California,"77,264","77,264","77,454","78,439"
405,Bend,Oregon,"76,639","76,639","76,735","77,905"
406,Napa,California,"76,915","76,945","77,150","77,867"
407,Indio,California,"76,036","76,038","76,504","77,780"
408,Redwood City,California,"76,815","76,815","76,936","77,745"
409,Largo,Florida,"77,648","77,649","77,622","77,723"
410,Albany,Georgia,"77,434","77,434","77,595","77,683"
411,New Rochelle,New York,"77,062","77,062","77,156","77,606"
412,Avondale,Arizona,"76,238","76,238","76,392","77,518"
413,Bryan,Texas,"76,201","76,201","76,525","77,321"
414,Camden,New Jersey,"77,344","77,344","77,335","77,283"
415,St. Joseph,Missouri,"76,780","76,803","76,658","77,185"
416,Bellflower,California,"76,616","76,616","76,681","77,170"
417,Bloomington,Illinois,"76,610","76,610","76,735","77,071"
418,Lawrence,Massachusetts,"76,377","76,377","76,514","76,976"
419,Brooklyn Park,Minnesota,"75,781","75,781","75,891","76,853"
420,Meridian,Idaho,"75,092","75,092","75,308","76,750"
421,Tustin,California,"75,540","75,540","75,726","76,689"
422,Somerville,Massachusetts,"75,754","75,754","75,887","76,519"
423,Lynchburg,Virginia,"75,568","75,568","75,716","76,504"
424,Palm Coast,Florida,"75,180","75,176","75,430","76,499"
425,Deerfield Beach,Florida,"75,018","75,018","75,191","76,389"
426,Kennewick,Washington,"73,917","73,917","74,461","76,224"
427,Decatur,Illinois,"76,122","76,122","76,115","76,096"
428,Melbourne,Florida,"76,068","76,068","76,131","76,095"
429,Scranton,Pennsylvania,"76,089","76,089","76,084","75,995"
430,Baldwin Park,California,"75,390","75,390","75,453","75,940"
431,Chino Hills,California,"74,799","74,799","75,053","75,928"
432,Medford,Oregon,"74,907","74,907","74,998","75,501"
433,Arlington Heights village,Illinois,"75,101","75,101","75,178","75,428"
434,Bethlehem,Pennsylvania,"74,982","74,982","75,068","75,266"
435,Mountain View,California,"74,066","74,066","74,262","75,235"
436,Fayetteville,Arkansas,"73,580","73,580","73,921","75,102"
437,Upland,California,"73,732","73,732","73,982","74,837"
438,Evanston,Illinois,"74,486","74,486","74,556","74,785"
439,Alameda,California,"73,812","73,812","73,948","74,774"
440,St. George,Utah,"72,897","72,897","73,107","74,770"
441,Kalamazoo,Michigan,"74,262","74,262","74,352","74,743"
442,Schaumburg village,Illinois,"74,227","74,227","74,305","74,550"
443,Bolingbrook village,Illinois,"73,366","73,366","73,506","73,802"
444,San Ramon,California,"72,148","72,148","72,397","73,333"
445,Baytown,Texas,"71,802","71,802","72,108","73,322"
446,New Britain,Connecticut,"73,206","73,206","73,215","73,261"
447,Appleton,Wisconsin,"72,623","72,623","72,768","73,243"
448,Folsom,California,"72,203","72,203","72,346","73,001"
449,Canton,Ohio,"73,007","73,014","72,978","72,919"
450,Wyoming,Michigan,"72,125","72,125","72,175","72,833"
451,Pharr,Texas,"70,400","70,400","70,883","72,513"
452,Lake Charles,Louisiana,"71,993","71,993","72,177","72,475"
453,Southfield,Michigan,"71,739","71,739","71,758","72,201"
454,Gastonia,North Carolina,"71,741","71,741","71,780","72,068"
455,Plymouth,Minnesota,"70,576","70,576","70,678","71,561"
456,Auburn,Washington,"70,180","70,180","70,376","71,517"
457,Rochester Hills,Michigan,"70,995","70,995","71,013","71,452"
458,Springdale,Arkansas,"69,797","69,792","70,157","71,397"
459,Wilmington,Delaware,"70,851","70,852","70,920","71,305"
460,Pleasanton,California,"70,285","70,285","70,418","71,215"
461,Pawtucket,Rhode Island,"71,148","71,148","71,163","71,153"
462,Waukesha,Wisconsin,"70,718","70,718","70,740","70,867"
463,Jacksonville,North Carolina,"70,145","70,145","70,719","70,801"
464,Union City,California,"69,516","69,516","69,645","70,436"
465,Lynwood,California,"69,772","69,772","69,825","70,257"
466,Apple Valley town,California,"69,135","69,135","69,369","70,172"
467,Muncie,Indiana,"70,085","70,085","70,091","70,080"
468,Perris,California,"68,386","68,386","68,808","69,967"
469,Passaic,New Jersey,"69,781","69,781","69,835","69,893"
470,Missouri City,Texas,"67,358","67,358","67,964","69,774"
471,Redlands,California,"68,747","68,749","68,975","69,752"
472,Mount Pleasant town,South Carolina,"67,843","67,874","68,097","69,357"
473,Gulfport,Mississippi,"67,793","67,793","68,060","69,220"
474,Rapid City,South Dakota,"67,956","67,956","68,236","69,200"
475,Turlock,California,"68,549","68,549","68,677","69,089"
476,Boynton Beach,Florida,"68,217","68,217","68,361","68,996"
477,Iowa City,Iowa,"67,862","67,873","68,051","68,947"
478,Palatine village,Illinois,"68,557","68,557","68,628","68,858"
479,Waterloo,Iowa,"68,406","68,406","68,462","68,653"
480,Santa Fe,New Mexico,"67,947","67,943","68,098","68,642"
481,Jonesboro,Arkansas,"67,263","67,261","67,442","68,547"
482,Warner Robins,Georgia,"66,588","66,588","67,013","68,500"
483,Layton,Utah,"67,311","67,311","67,604","68,495"
484,Manteca,California,"67,096","67,171","67,404","68,254"
485,Loveland,Colorado,"66,859","66,859","67,070","68,203"
486,Lauderhill,Florida,"66,887","66,887","67,042","68,117"
487,Lafayette,Indiana,"67,140","67,140","67,190","67,947"
488,Milpitas,California,"66,790","66,790","66,958","67,804"
489,Mount Vernon,New York,"67,292","67,290","67,374","67,780"
490,Rock Hill,South Carolina,"66,154","66,158","66,410","67,423"
491,Missoula,Montana,"66,788","66,788","66,873","67,290"
492,Redondo Beach,California,"66,748","66,748","66,804","67,233"
493,Temple,Texas,"66,102","66,130","66,691","67,188"
494,Union City,New Jersey,"66,455","66,455","66,529","67,187"
495,Flower Mound town,Texas,"64,669","64,671","65,117","67,019"
496,Kenner,Louisiana,"66,702","66,702","66,701","66,715"
497,Eau Claire,Wisconsin,"65,883","65,888","65,978","66,623"
498,St. Charles,Missouri,"65,794","65,794","66,008","66,598"
499,Youngstown,Ohio,"66,982","66,982","66,846","66,571"
500,Weston,Florida,"65,333","65,333","65,485","66,544"
501,Portland,Maine,"66,194","66,194","66,125","66,363"
502,Oshkosh,Wisconsin,"66,083","66,083","66,119","66,344"
503,Goodyear,Arizona,"65,275","65,275","65,391","66,309"
504,Schenectady,New York,"66,135","66,135","66,221","66,273"
505.5,St. Cloud,Minnesota,"65,842","65,842","65,902","66,169"
505.5,Frederick,Maryland,"65,239","65,239","65,463","66,169"
507,Harlingen,Texas,"64,849","64,869","65,140","66,122"
508,Davis,California,"65,622","65,622","65,705","66,016"
509,Dothan,Alabama,"65,496","65,496","65,637","66,010"
510,Flagstaff,Arizona,"65,870","65,870","65,956","65,914"
511,Camarillo,California,"65,201","65,222","65,392","65,895"
512,Rancho Cordova,California,"64,776","64,805","64,960","65,606"
513,Palo Alto,California,"64,403","64,403","64,571","65,412"
514,Yorba Linda,California,"64,234","64,234","64,392","65,215"
515,Walnut Creek,California,"64,173","64,173","64,390","65,211"
516,Jackson,Tennessee,"65,211","65,211","65,227","65,187"
517,Skokie village,Illinois,"64,784","64,784","64,852","65,066"
518,Yuba City,California,"64,925","64,925","65,009","65,050"
519,North Richland Hills,Texas,"63,343","63,343","63,617","64,780"
520,Eagan,Minnesota,"64,206","64,206","64,303","64,765"
521,San Clemente,California,"63,522","63,522","63,679","64,491"
522,South San Francisco,California,"63,632","63,632","63,735","64,409"
523,East Orange,New Jersey,"64,270","64,270","64,281","64,365"
524,Franklin,Tennessee,"62,487","62,494","62,798","64,317"
525,Pittsburg,California,"63,264","63,260","63,476","64,294"
526,Lorain,Ohio,"64,097","64,097","64,135","64,152"
527,Laguna Niguel,California,"62,979","62,979","63,136","63,940"
528,Johnson City,Tennessee,"63,152","63,150","63,333","63,815"
529,Bayonne,New Jersey,"63,024","63,024","63,096","63,722"
530,Fort Myers,Florida,"62,298","62,296","62,460","63,512"
531,Janesville,Wisconsin,"63,575","63,575","63,558","63,479"
532,Pico Rivera,California,"62,942","62,942","62,995","63,400"
533,Shawnee,Kansas,"62,209","62,209","62,389","63,219"
534,Pasco,Washington,"59,781","59,781","60,600","63,186"
535,Lodi,California,"62,134","62,134","62,350","63,133"
536,Victoria,Texas,"62,592","62,592","62,629","63,131"
537,Montebello,California,"62,500","62,500","62,554","62,954"
538,North Little Rock,Arkansas,"62,304","62,304","62,441","62,886"
539,Hamilton,Ohio,"62,477","62,477","62,596","62,795"
540,Woodbury,Minnesota,"61,961","61,961","62,184","62,787"
541,Bossier City,Louisiana,"61,315","61,315","61,608","62,745"
542,Bismarck,North Dakota,"61,272","61,274","61,575","62,665"
543,Taylor,Michigan,"63,131","63,131","62,944","62,489"
544,Council Bluffs,Iowa,"62,230","62,228","62,377","62,466"
545,Maple Grove,Minnesota,"61,567","61,567","61,657","62,440"
546,Rockville,Maryland,"61,209","61,209","61,439","62,334"
547,Madera,California,"61,416","61,416","61,650","62,219"
548,Utica,New York,"62,235","62,235","62,233","62,110"
549,Homestead,Florida,"60,512","60,512","60,673","61,940"
550,Coon Rapids,Minnesota,"61,476","61,476","61,593","61,904"
551,Eden Prairie,Minnesota,"60,797","60,797","60,885","61,657"
552,Tamarac,Florida,"60,427","60,427","60,567","61,542"
553,Haverhill,Massachusetts,"60,879","60,879","60,987","61,351"
554,Kissimmee,Florida,"59,682","59,682","59,917","61,346"
555,Delray Beach,Florida,"60,522","60,522","60,650","61,209"
556,Waltham,Massachusetts,"60,632","60,632","60,717","61,181"
557,La Habra,California,"60,239","60,245","60,395","61,164"
558,Gaithersburg,Maryland,"59,933","59,933","60,160","61,045"
559,Daytona Beach,Florida,"61,005","61,005","61,011","61,028"
560,Terre Haute,Indiana,"60,785","60,785","60,807","60,961"
561,Vineland,New Jersey,"60,724","60,724","60,810","60,952"
562,Burnsville,Minnesota,"60,306","60,306","60,398","60,828"
563,Marysville,Washington,"60,020","60,020","60,191","60,785"
564,Meriden,Connecticut,"60,868","60,868","60,866","60,770"
565,West Allis,Wisconsin,"60,411","60,411","60,464","60,714"
566,Monterey Park,California,"60,269","60,269","60,320","60,707"
567,Bristol,Connecticut,"60,477","60,477","60,484","60,525"
568,Conway,Arkansas,"58,908","58,908","59,304","60,470"
569,Encinitas,California,"59,518","59,518","59,711","60,400"
570,Greenville,South Carolina,"58,409","59,139","59,390","60,379"
571,Santa Cruz,California,"59,946","59,948","60,049","60,342"
572,Springfield,Ohio,"60,608","60,608","60,554","60,333"
573,Tulare,California,"59,278","59,333","59,513","60,289"
574,North Miami,Florida,"58,786","58,786","58,939","60,143"
575,Cheyenne,Wyoming,"59,466","59,483","59,739","60,096"
576,Malden,Massachusetts,"59,450","59,450","59,563","60,071"
577,Lancaster,Pennsylvania,"59,322","59,322","59,693","60,058"
578,Pontiac,Michigan,"59,515","59,515","59,531","59,887"
579,St. Clair Shores,Michigan,"59,715","59,715","59,713","59,798"
580,Taylorsville,Utah,"58,652","58,652","58,858","59,767"
581,Springfield,Oregon,"59,403","59,403","59,431","59,695"
582,New Braunfels,Texas,"57,740","57,742","58,226","59,590"
583,Alpharetta,Georgia,"57,551","57,551","57,877","59,397"
584,National City,California,"58,582","58,578","58,750","59,369"
585,Gardena,California,"58,829","58,829","58,878","59,253"
586,Cupertino,California,"58,302","58,302","58,455","59,220"
587,Ames,Iowa,"58,965","58,965","58,981","59,042"
588,Conroe,Texas,"56,207","57,038","57,466","58,973"
589,Great Falls,Montana,"58,505","58,579","58,711","58,950"
590,Bowling Green,Kentucky,"58,067","58,062","58,242","58,894"
591,Lakewood,Washington,"58,163","58,163","58,173","58,839"
592,Grand Junction,Colorado,"58,566","58,564","58,402","58,704"
593,Des Plaines,Illinois,"58,364","58,364","58,425","58,617"
594,Huntington Park,California,"58,114","58,114","58,165","58,536"
595,Petaluma,California,"57,941","57,941","58,041","58,453"
596,Rocklin,California,"56,974","56,904","57,197","58,324"
597,San Rafael,California,"57,713","57,713","57,800","58,313"
598,Dubuque,Iowa,"57,637","57,637","57,778","58,234"
599,Chapel Hill town,North Carolina,"57,233","57,233","57,389","58,011"
600,West Des Moines,Iowa,"56,609","56,609","56,875","57,909"
601,La Mesa,California,"57,065","57,065","57,251","57,907"
602,North Port,Florida,"57,357","57,357","57,448","57,780"
603,Idaho Falls,Idaho,"56,813","56,813","57,022","57,646"
604,Mansfield,Texas,"56,368","56,368","56,611","57,627"
605,Royal Oak,Michigan,"57,236","57,236","57,251","57,607"
606,Owensboro,Kentucky,"57,265","57,267","57,323","57,605"
607,Blaine,Minnesota,"57,186","57,186","57,295","57,584"
608,Rogers,Arkansas,"55,964","55,964","56,365","57,539"
609,Rowlett,Texas,"56,199","56,199","56,406","57,463"
610,Rocky Mount,North Carolina,"57,477","57,475","57,482","57,433"
611,Marietta,Georgia,"56,579","56,593","56,727","57,357"
612,Broomfield,Colorado,"55,889","55,889","56,113","57,352"
613,White Plains,New York,"56,853","56,853","56,923","57,258"
614,Dearborn Heights,Michigan,"57,774","57,774","57,605","57,186"
615,Wellington village,Florida,"56,508","56,508","56,629","57,163"
616,Orland Park village,Illinois,"56,767","56,767","56,826","57,016"
617,Tinley Park village,Illinois,"56,703","56,703","56,769","56,965"
618,Oak Lawn village,Illinois,"56,690","56,690","56,748","56,937"
619,Berwyn,Illinois,"56,657","56,657","56,718","56,906"
620,Arcadia,California,"56,364","56,364","56,411","56,769"
621,Medford,Massachusetts,"56,173","56,173","56,272","56,738"
622,Port Orange,Florida,"56,048","56,505","56,512","56,529"
623,Ocala,Florida,"56,315","56,315","56,333","56,517"
624,Lakeville,Minnesota,"55,954","55,954","56,041","56,443"
625,Kettering,Ohio,"56,163","56,163","56,233","56,427"
626,Moore,Oklahoma,"55,081","55,081","55,342","56,315"
627,Fountain Valley,California,"55,313","55,313","55,448","56,153"
628,Valdosta,Georgia,"54,518","54,763","54,978","56,019"
629,Casper,Wyoming,"55,316","55,316","55,333","55,988"
630,Anderson,Indiana,"56,129","56,129","56,136","55,957"
631,Diamond Bar,California,"55,544","55,544","55,593","55,951"
632,Taunton,Massachusetts,"55,874","55,874","55,899","55,940"
633,Jupiter town,Florida,"55,156","55,276","55,394","55,911"
634,Decatur,Alabama,"55,683","55,683","55,738","55,902"
635,Woodland,California,"55,468","55,468","55,539","55,806"
636,Novi,Michigan,"55,224","55,224","55,238","55,583"
637,West Haven,Connecticut,"55,564","55,564","55,561","55,477"
638,New Brunswick,New Jersey,"55,181","55,181","55,234","55,444"
639,Carson,Nevada,"55,274","55,274","55,212","55,439"
640,Midwest City,Oklahoma,"54,371","54,371","54,576","55,427"
641,Chicopee,Massachusetts,"55,298","55,298","55,325","55,333"
642,Bowie,Maryland,"54,727","54,727","54,842","55,232"
643,Redmond,Washington,"54,144","54,144","54,313","55,228"
644,Bartlett,Tennessee,"54,613","54,613","54,689","55,055"
645,Porterville,California,"54,165","54,165","54,326","55,023"
646,Eastvale,California,(X),"53,683","54,014","54,930"
647,Pocatello,Idaho,"54,255","54,255","54,373","54,810"
648,Corvallis,Oregon,"54,462","54,461","54,428","54,674"
649,Elyria,Ohio,"54,533","54,533","54,564","54,581"
650,Auburn,Alabama,"53,380","53,391","53,587","54,566"
651,Paramount,California,"54,098","54,098","54,146","54,492"
652,Mount Prospect village,Illinois,"54,167","54,167","54,224","54,403"
653,Hanford,California,"53,967","53,967","54,050","54,284"
654,Margate,Florida,"53,284","53,284","53,407","54,270"
655,Santee,California,"53,413","53,413","53,584","54,197"
656,Rosemead,California,"53,764","53,764","53,811","54,154"
657,Weymouth Town,Massachusetts,"53,743","53,743","53,846","54,116"
658,Hempstead village,New York,"53,891","53,891","53,952","54,088"
659,Shoreline,Washington,"53,007","53,007","53,167","54,044"
660,Port Arthur,Texas,"53,818","53,818","53,840","53,937"
661,Sanford,Florida,"53,570","53,633","53,695","53,926"
662,Coconut Creek,Florida,"52,909","52,936","53,061","53,915"
663,Highland,California,"53,104","53,104","53,286","53,903"
664,Delano,California,"53,041","53,041","53,402","53,819"
665,Manhattan,Kansas,"52,281","52,281","52,551","53,678"
666,Noblesville,Indiana,"51,969","51,968","52,321","53,515"
667,Lake Elsinore,California,"51,821","52,214","52,533","53,417"
668,St. Peters,Missouri,"52,575","52,575","52,758","53,264"
669,Wheaton,Illinois,"52,894","52,894","52,951","53,238"
670,Colton,California,"52,154","52,155","52,331","52,940"
671,Lake Havasu City,Arizona,"52,527","52,532","52,575","52,935"
672,Normal town,Illinois,"52,497","52,497","52,570","52,772"
673,Blue Springs,Missouri,"52,575","52,575","52,637","52,749"
674,Grand Forks,North Dakota,"52,838","52,838","52,903","52,631"
675,Revere,Massachusetts,"51,755","51,755","51,832","52,459"
676,Novato,California,"51,904","51,904","51,983","52,456"
677,Euless,Texas,"51,277","51,277","51,502","52,443"
678,Cathedral City,California,"51,200","51,200","51,515","52,381"
679,Hendersonville,Tennessee,"51,372","51,372","51,589","52,349"
680,Sarasota,Florida,"51,917","51,983","52,060","52,341"
681,Brentwood,California,"51,481","51,481","51,657","52,326"
682,Pensacola,Florida,"51,923","51,923","51,986","52,197"
683,Florissant,Missouri,"52,158","52,158","52,149","52,145"
684,Yucaipa,California,"51,367","51,371","51,546","52,139"
685,Hoffman Estates village,Illinois,"51,895","51,895","51,948","52,124"
686,Oak Park village,Illinois,"51,878","51,878","51,932","52,104"
687,Battle Creek,Michigan,"52,347","52,347","52,322","52,093"
688,Smyrna,Georgia,"51,271","51,271","51,396","51,982"
689,Lakewood,Ohio,"52,131","52,131","52,042","51,724"
690,La Crosse,Wisconsin,"51,320","51,320","51,419","51,719"
691,Peabody,Massachusetts,"51,251","51,251","51,344","51,653"
692,Buckeye town,Arizona,"50,876","50,913","51,090","51,649"
693,Watsonville,California,"51,199","51,199","51,300","51,586"
694,Greenwood,Indiana,"49,791","50,851","50,988","51,584"
695,South Jordan,Utah,"50,418","50,418","50,595","51,377"
696,Elkhart,Indiana,"50,949","50,964","50,962","51,320"
697,Bellevue,Nebraska,"50,137","50,137","50,405","51,319"
698,Placentia,California,"50,533","50,533","50,656","51,302"
699,Cedar Park,Texas,"48,937","48,937","49,419","51,283"
700,Saginaw,Michigan,"51,508","51,508","51,455","51,230"
701,Milford city,Connecticut,"51,271","51,271","51,268","51,189"
702,Charleston,West Virginia,"51,400","51,371","51,351","51,177"
703,Perth Amboy,New Jersey,"50,814","50,814","50,870","51,093"
704,Burlington,North Carolina,"49,963","50,201","50,336","50,925"
705,Albany,Oregon,"50,158","50,158","50,222","50,724"
706,Joplin,Missouri,"50,150","50,150","50,277","50,559"
707,Hoboken,New Jersey,"50,005","50,005","50,060","50,545"
708.5,Minnetonka,Minnesota,"49,734","49,734","49,806","50,435"
708.5,Glendora,California,"50,073","50,073","50,114","50,435"
710,West New York town,New Jersey,"49,708","49,708","49,766","50,260"
711,Bradenton,Florida,"49,546","49,546","49,639","50,193"
712,Troy,New York,"50,129","50,129","50,140","50,120"
713,Niagara Falls,New York,"50,193","50,193","50,211","50,086"
714,Plainfield,New Jersey,"49,808","49,808","49,898","50,085"
715,DeSoto,Texas,"49,047","49,047","49,194","50,045"